"Alue","Äidinkieli","Sukupuoli","Väestö yhteensä 2022","0-6-vuotiaat 2022","7-17-vuotiaat 2022","18-29-vuotiaat 2022","30-49-vuotiaat 2022","50-64-vuotiaat 2022","Yli 65-vuotiaat 2022"
"091 101 Vironniemen peruspiiri","Kaikki äidinkielet","Molemmat sukupuolet",12984,661,1151,2343,3821,2353,2655
"091 101 Vironniemen peruspiiri","Kaikki äidinkielet","Miehet",6064,351,555,1032,1883,1150,1093
"091 101 Vironniemen peruspiiri","Kaikki äidinkielet","Naiset",6920,310,596,1311,1938,1203,1562
"091 10 Kruununhaka","Kaikki äidinkielet","Molemmat sukupuolet",7222,359,609,1467,2171,1299,1317
"091 10 Kruununhaka","Kaikki äidinkielet","Miehet",3355,189,291,627,1068,644,536
"091 10 Kruununhaka","Kaikki äidinkielet","Naiset",3867,170,318,840,1103,655,781
"091 20 Kluuvi","Kaikki äidinkielet","Molemmat sukupuolet",666,30,38,127,215,128,128
"091 20 Kluuvi","Kaikki äidinkielet","Miehet",351,15,20,55,122,76,63
"091 20 Kluuvi","Kaikki äidinkielet","Naiset",315,15,18,72,93,52,65
"091 80 Katajanokka","Kaikki äidinkielet","Molemmat sukupuolet",5096,272,504,749,1435,926,1210
"091 80 Katajanokka","Kaikki äidinkielet","Miehet",2358,147,244,350,693,430,494
"091 80 Katajanokka","Kaikki äidinkielet","Naiset",2738,125,260,399,742,496,716
"091 102 Ullanlinnan peruspiiri","Kaikki äidinkielet","Molemmat sukupuolet",24374,1191,2078,5065,7429,4252,4359
"091 102 Ullanlinnan peruspiiri","Kaikki äidinkielet","Miehet",11283,637,1050,2109,3665,2002,1820
"091 102 Ullanlinnan peruspiiri","Kaikki äidinkielet","Naiset",13091,554,1028,2956,3764,2250,2539
"091 30 Kaartinkaupunki","Kaikki äidinkielet","Molemmat sukupuolet",1039,53,80,197,277,219,213
"091 30 Kaartinkaupunki","Kaikki äidinkielet","Miehet",524,31,43,86,152,110,102
"091 30 Kaartinkaupunki","Kaikki äidinkielet","Naiset",515,22,37,111,125,109,111
"091 50 Punavuori","Kaikki äidinkielet","Molemmat sukupuolet",9258,402,655,2294,3067,1369,1471
"091 50 Punavuori","Kaikki äidinkielet","Miehet",4308,224,321,931,1540,676,616
"091 50 Punavuori","Kaikki äidinkielet","Naiset",4950,178,334,1363,1527,693,855
"091 60 Eira","Kaikki äidinkielet","Molemmat sukupuolet",1050,66,133,99,321,233,198
"091 60 Eira","Kaikki äidinkielet","Miehet",502,36,66,51,155,106,88
"091 60 Eira","Kaikki äidinkielet","Naiset",548,30,67,48,166,127,110
"091 70 Ullanlinna","Kaikki äidinkielet","Molemmat sukupuolet",10774,560,959,2140,3147,1943,2025
"091 70 Ullanlinna","Kaikki äidinkielet","Miehet",4859,294,490,881,1519,876,799
"091 70 Ullanlinna","Kaikki äidinkielet","Naiset",5915,266,469,1259,1628,1067,1226
"091 90 Kaivopuisto","Kaikki äidinkielet","Molemmat sukupuolet",437,14,43,47,75,109,149
"091 90 Kaivopuisto","Kaikki äidinkielet","Miehet",217,6,23,24,35,52,77
"091 90 Kaivopuisto","Kaikki äidinkielet","Naiset",220,8,20,23,40,57,72
"091 204 Hernesaari","Kaikki äidinkielet","Molemmat sukupuolet",1152,49,65,249,327,242,220
"091 204 Hernesaari","Kaikki äidinkielet","Miehet",564,21,34,119,171,119,100
"091 204 Hernesaari","Kaikki äidinkielet","Naiset",588,28,31,130,156,123,120
"091 520 Suomenlinna","Kaikki äidinkielet","Molemmat sukupuolet",664,47,143,39,215,137,83
"091 520 Suomenlinna","Kaikki äidinkielet","Miehet",309,25,73,17,93,63,38
"091 520 Suomenlinna","Kaikki äidinkielet","Naiset",355,22,70,22,122,74,45
"091 531 Länsisaaret","Kaikki äidinkielet","Molemmat sukupuolet",..,..,..,..,..,..,..
"091 531 Länsisaaret","Kaikki äidinkielet","Miehet",..,..,..,..,..,..,..
"091 531 Länsisaaret","Kaikki äidinkielet","Naiset",..,..,..,..,..,..,..
"091 103 Kampinmalmin peruspiiri","Kaikki äidinkielet","Molemmat sukupuolet",44433,2575,3727,10283,14288,6943,6617
"091 103 Kampinmalmin peruspiiri","Kaikki äidinkielet","Miehet",21160,1311,1865,4635,7309,3311,2729
"091 103 Kampinmalmin peruspiiri","Kaikki äidinkielet","Naiset",23273,1264,1862,5648,6979,3632,3888
"091 40 Kamppi","Kaikki äidinkielet","Molemmat sukupuolet",12098,508,707,2963,4064,1875,1981
"091 40 Kamppi","Kaikki äidinkielet","Miehet",5811,258,342,1304,2137,946,824
"091 40 Kamppi","Kaikki äidinkielet","Naiset",6287,250,365,1659,1927,929,1157
"091 130 Etu-Töölö","Kaikki äidinkielet","Molemmat sukupuolet",14728,611,1143,3479,4183,2550,2762
"091 130 Etu-Töölö","Kaikki äidinkielet","Miehet",6840,300,556,1484,2110,1251,1139
"091 130 Etu-Töölö","Kaikki äidinkielet","Naiset",7888,311,587,1995,2073,1299,1623
"091 201 Ruoholahti","Kaikki äidinkielet","Molemmat sukupuolet",2863,201,334,446,888,558,436
"091 201 Ruoholahti","Kaikki äidinkielet","Miehet",1368,97,166,225,456,249,175
"091 201 Ruoholahti","Kaikki äidinkielet","Naiset",1495,104,168,221,432,309,261
"091 202 Lapinlahti","Kaikki äidinkielet","Molemmat sukupuolet",..,..,..,..,..,..,..
"091 202 Lapinlahti","Kaikki äidinkielet","Miehet",..,..,..,..,..,..,..
"091 202 Lapinlahti","Kaikki äidinkielet","Naiset",..,..,..,..,..,..,..
"091 203 Jätkäsaari","Kaikki äidinkielet","Molemmat sukupuolet",14718,1255,1543,3395,5145,1946,1434
"091 203 Jätkäsaari","Kaikki äidinkielet","Miehet",7130,656,801,1622,2604,857,590
"091 203 Jätkäsaari","Kaikki äidinkielet","Naiset",7588,599,742,1773,2541,1089,844
"091 104 Taka-Töölön peruspiiri","Kaikki äidinkielet","Molemmat sukupuolet",15343,774,1061,3423,4838,2344,2903
"091 104 Taka-Töölön peruspiiri","Kaikki äidinkielet","Miehet",6911,392,525,1397,2370,1098,1129
"091 104 Taka-Töölön peruspiiri","Kaikki äidinkielet","Naiset",8432,382,536,2026,2468,1246,1774
"091 140 Taka-Töölö","Kaikki äidinkielet","Molemmat sukupuolet",15343,774,1061,3423,4838,2344,2903
"091 140 Taka-Töölö","Kaikki äidinkielet","Miehet",6911,392,525,1397,2370,1098,1129
"091 140 Taka-Töölö","Kaikki äidinkielet","Naiset",8432,382,536,2026,2468,1246,1774
"091 105 Lauttasaaren peruspiiri","Kaikki äidinkielet","Molemmat sukupuolet",24743,1762,2560,3685,8354,3599,4783
"091 105 Lauttasaaren peruspiiri","Kaikki äidinkielet","Miehet",11563,920,1337,1632,4116,1675,1883
"091 105 Lauttasaaren peruspiiri","Kaikki äidinkielet","Naiset",13180,842,1223,2053,4238,1924,2900
"091 310 Lauttasaari (Ent.)","Kaikki äidinkielet","Molemmat sukupuolet",.,.,.,.,.,.,.
"091 310 Lauttasaari (Ent.)","Kaikki äidinkielet","Miehet",.,.,.,.,.,.,.
"091 310 Lauttasaari (Ent.)","Kaikki äidinkielet","Naiset",.,.,.,.,.,.,.
"091 311 Kotkavuori","Kaikki äidinkielet","Molemmat sukupuolet",8344,559,727,1569,2848,1123,1518
"091 311 Kotkavuori","Kaikki äidinkielet","Miehet",3836,299,370,676,1405,521,565
"091 311 Kotkavuori","Kaikki äidinkielet","Naiset",4508,260,357,893,1443,602,953
"091 312 Vattuniemi","Kaikki äidinkielet","Molemmat sukupuolet",8815,662,905,924,2929,1377,2018
"091 312 Vattuniemi","Kaikki äidinkielet","Miehet",4126,344,477,420,1448,627,810
"091 312 Vattuniemi","Kaikki äidinkielet","Naiset",4689,318,428,504,1481,750,1208
"091 313 Myllykallio","Kaikki äidinkielet","Molemmat sukupuolet",7584,541,928,1192,2577,1099,1247
"091 313 Myllykallio","Kaikki äidinkielet","Miehet",3601,277,490,536,1263,527,508
"091 313 Myllykallio","Kaikki äidinkielet","Naiset",3983,264,438,656,1314,572,739
"091 314 Koivusaari","Kaikki äidinkielet","Molemmat sukupuolet",..,..,..,..,..,..,..
"091 314 Koivusaari","Kaikki äidinkielet","Miehet",..,..,..,..,..,..,..
"091 314 Koivusaari","Kaikki äidinkielet","Naiset",..,..,..,..,..,..,..
"091 201 Reijolan peruspiiri","Kaikki äidinkielet","Molemmat sukupuolet",16656,879,1586,3268,4979,2827,3117
"091 201 Reijolan peruspiiri","Kaikki äidinkielet","Miehet",7258,427,798,1364,2404,1199,1066
"091 201 Reijolan peruspiiri","Kaikki äidinkielet","Naiset",9398,452,788,1904,2575,1628,2051
"091 150 Meilahti","Kaikki äidinkielet","Molemmat sukupuolet",5223,256,403,1374,1690,727,773
"091 150 Meilahti","Kaikki äidinkielet","Miehet",2279,124,192,536,824,316,287
"091 150 Meilahti","Kaikki äidinkielet","Naiset",2944,132,211,838,866,411,486
"091 160 Ruskeasuo (Ent.)","Kaikki äidinkielet","Molemmat sukupuolet",.,.,.,.,.,.,.
"091 160 Ruskeasuo (Ent.)","Kaikki äidinkielet","Miehet",.,.,.,.,.,.,.
"091 160 Ruskeasuo (Ent.)","Kaikki äidinkielet","Naiset",.,.,.,.,.,.,.
"091 161 Vanha Ruskeasuo","Kaikki äidinkielet","Molemmat sukupuolet",2798,116,231,619,870,443,519
"091 161 Vanha Ruskeasuo","Kaikki äidinkielet","Miehet",1191,54,117,265,417,184,154
"091 161 Vanha Ruskeasuo","Kaikki äidinkielet","Naiset",1607,62,114,354,453,259,365
"091 162 Pikku Huopalahti","Kaikki äidinkielet","Molemmat sukupuolet",6706,412,848,855,1815,1390,1386
"091 162 Pikku Huopalahti","Kaikki äidinkielet","Miehet",2976,199,438,405,870,583,481
"091 162 Pikku Huopalahti","Kaikki äidinkielet","Naiset",3730,213,410,450,945,807,905
"091 180 Laakso","Kaikki äidinkielet","Molemmat sukupuolet",1929,95,104,420,604,267,439
"091 180 Laakso","Kaikki äidinkielet","Miehet",812,50,51,158,293,116,144
"091 180 Laakso","Kaikki äidinkielet","Naiset",1117,45,53,262,311,151,295
"091 202 Munkkiniemen peruspiiri","Kaikki äidinkielet","Molemmat sukupuolet",18933,1160,2145,2711,5440,3355,4122
"091 202 Munkkiniemen peruspiiri","Kaikki äidinkielet","Miehet",8408,571,1094,1216,2540,1487,1500
"091 202 Munkkiniemen peruspiiri","Kaikki äidinkielet","Naiset",10525,589,1051,1495,2900,1868,2622
"091 301 Vanha Munkkiniemi","Kaikki äidinkielet","Molemmat sukupuolet",9280,597,995,1215,2515,1565,2393
"091 301 Vanha Munkkiniemi","Kaikki äidinkielet","Miehet",4039,287,492,521,1175,704,860
"091 301 Vanha Munkkiniemi","Kaikki äidinkielet","Naiset",5241,310,503,694,1340,861,1533
"091 302 Kuusisaari","Kaikki äidinkielet","Molemmat sukupuolet",613,51,114,56,140,148,104
"091 302 Kuusisaari","Kaikki äidinkielet","Miehet",297,18,60,31,61,77,50
"091 302 Kuusisaari","Kaikki äidinkielet","Naiset",316,33,54,25,79,71,54
"091 303 Lehtisaari","Kaikki äidinkielet","Molemmat sukupuolet",1224,81,141,136,289,303,274
"091 303 Lehtisaari","Kaikki äidinkielet","Miehet",593,46,83,72,132,146,114
"091 303 Lehtisaari","Kaikki äidinkielet","Naiset",631,35,58,64,157,157,160
"091 304 Munkkivuori","Kaikki äidinkielet","Molemmat sukupuolet",4910,264,583,748,1565,767,983
"091 304 Munkkivuori","Kaikki äidinkielet","Miehet",2186,138,303,339,723,342,341
"091 304 Munkkivuori","Kaikki äidinkielet","Naiset",2724,126,280,409,842,425,642
"091 305 Niemenmäki","Kaikki äidinkielet","Molemmat sukupuolet",1823,103,179,337,620,355,229
"091 305 Niemenmäki","Kaikki äidinkielet","Miehet",769,52,92,127,290,127,81
"091 305 Niemenmäki","Kaikki äidinkielet","Naiset",1054,51,87,210,330,228,148
"091 306 Talinranta","Kaikki äidinkielet","Molemmat sukupuolet",1083,64,133,219,311,217,139
"091 306 Talinranta","Kaikki äidinkielet","Miehet",524,30,64,126,159,91,54
"091 306 Talinranta","Kaikki äidinkielet","Naiset",559,34,69,93,152,126,85
"091 203 Haagan peruspiiri","Kaikki äidinkielet","Molemmat sukupuolet",27161,1603,2179,5379,9100,3823,5077
"091 203 Haagan peruspiiri","Kaikki äidinkielet","Miehet",12704,812,1139,2469,4579,1861,1844
"091 203 Haagan peruspiiri","Kaikki äidinkielet","Naiset",14457,791,1040,2910,4521,1962,3233
"091 291 Etelä-Haaga","Kaikki äidinkielet","Molemmat sukupuolet",12555,711,992,2822,4290,1738,2002
"091 291 Etelä-Haaga","Kaikki äidinkielet","Miehet",5827,335,532,1230,2130,869,731
"091 291 Etelä-Haaga","Kaikki äidinkielet","Naiset",6728,376,460,1592,2160,869,1271
"091 292 Kivihaka","Kaikki äidinkielet","Molemmat sukupuolet",769,41,39,124,293,113,159
"091 292 Kivihaka","Kaikki äidinkielet","Miehet",331,19,19,45,130,56,62
"091 292 Kivihaka","Kaikki äidinkielet","Naiset",438,22,20,79,163,57,97
"091 293 Pohjois-Haaga","Kaikki äidinkielet","Molemmat sukupuolet",9180,554,736,1633,3075,1376,1806
"091 293 Pohjois-Haaga","Kaikki äidinkielet","Miehet",4349,298,376,806,1591,645,633
"091 293 Pohjois-Haaga","Kaikki äidinkielet","Naiset",4831,256,360,827,1484,731,1173
"091 294 Lassila","Kaikki äidinkielet","Molemmat sukupuolet",4657,297,412,800,1442,596,1110
"091 294 Lassila","Kaikki äidinkielet","Miehet",2197,160,212,388,728,291,418
"091 294 Lassila","Kaikki äidinkielet","Naiset",2460,137,200,412,714,305,692
"091 204 Pitäjänmäen peruspiiri","Kaikki äidinkielet","Molemmat sukupuolet",18578,1289,1826,2964,5843,3349,3307
"091 204 Pitäjänmäen peruspiiri","Kaikki äidinkielet","Miehet",9131,690,934,1470,3096,1621,1320
"091 204 Pitäjänmäen peruspiiri","Kaikki äidinkielet","Naiset",9447,599,892,1494,2747,1728,1987
"091 320 Konala","Kaikki äidinkielet","Molemmat sukupuolet",6504,477,684,942,2029,1173,1199
"091 320 Konala","Kaikki äidinkielet","Miehet",3216,246,331,489,1072,573,505
"091 320 Konala","Kaikki äidinkielet","Naiset",3288,231,353,453,957,600,694
"091 461 Pajamäki","Kaikki äidinkielet","Molemmat sukupuolet",1864,138,128,283,681,297,337
"091 461 Pajamäki","Kaikki äidinkielet","Miehet",892,76,69,133,343,144,127
"091 461 Pajamäki","Kaikki äidinkielet","Naiset",972,62,59,150,338,153,210
"091 462 Tali","Kaikki äidinkielet","Molemmat sukupuolet",1000,79,124,152,291,216,138
"091 462 Tali","Kaikki äidinkielet","Miehet",483,41,59,79,148,104,52
"091 462 Tali","Kaikki äidinkielet","Naiset",517,38,65,73,143,112,86
"091 463 Reimarla","Kaikki äidinkielet","Molemmat sukupuolet",4981,338,519,978,1464,786,896
"091 463 Reimarla","Kaikki äidinkielet","Miehet",2385,179,266,455,786,368,331
"091 463 Reimarla","Kaikki äidinkielet","Naiset",2596,159,253,523,678,418,565
"091 464 Marttila","Kaikki äidinkielet","Molemmat sukupuolet",313,16,35,31,92,55,84
"091 464 Marttila","Kaikki äidinkielet","Miehet",169,10,22,20,48,28,41
"091 464 Marttila","Kaikki äidinkielet","Naiset",144,6,13,11,44,27,43
"091 465 Pitäjänmäen yritysalue","Kaikki äidinkielet","Molemmat sukupuolet",3916,241,336,578,1286,822,653
"091 465 Pitäjänmäen yritysalue","Kaikki äidinkielet","Miehet",1986,138,187,294,699,404,264
"091 465 Pitäjänmäen yritysalue","Kaikki äidinkielet","Naiset",1930,103,149,284,587,418,389
"091 205 Kaarelan peruspiiri","Kaikki äidinkielet","Molemmat sukupuolet",31047,2488,3404,4818,9809,5200,5328
"091 205 Kaarelan peruspiiri","Kaikki äidinkielet","Miehet",15074,1282,1763,2417,5063,2422,2127
"091 205 Kaarelan peruspiiri","Kaikki äidinkielet","Naiset",15973,1206,1641,2401,4746,2778,3201
"091 331 Kannelmäki","Kaikki äidinkielet","Molemmat sukupuolet",12930,901,1199,2114,4039,2086,2591
"091 331 Kannelmäki","Kaikki äidinkielet","Miehet",6276,470,622,1093,2165,967,959
"091 331 Kannelmäki","Kaikki äidinkielet","Naiset",6654,431,577,1021,1874,1119,1632
"091 332 Maununneva","Kaikki äidinkielet","Molemmat sukupuolet",2601,198,429,204,721,545,504
"091 332 Maununneva","Kaikki äidinkielet","Miehet",1282,104,212,106,346,274,240
"091 332 Maununneva","Kaikki äidinkielet","Naiset",1319,94,217,98,375,271,264
"091 333 Malminkartano","Kaikki äidinkielet","Molemmat sukupuolet",8912,645,1042,1596,2803,1480,1346
"091 333 Malminkartano","Kaikki äidinkielet","Miehet",4433,342,556,837,1469,701,528
"091 333 Malminkartano","Kaikki äidinkielet","Naiset",4479,303,486,759,1334,779,818
"091 334 Hakuninmaa","Kaikki äidinkielet","Molemmat sukupuolet",2552,208,338,264,699,505,538
"091 334 Hakuninmaa","Kaikki äidinkielet","Miehet",1252,105,177,112,357,240,261
"091 334 Hakuninmaa","Kaikki äidinkielet","Naiset",1300,103,161,152,342,265,277
"091 335 Kuninkaantammi","Kaikki äidinkielet","Molemmat sukupuolet",3308,418,316,558,1194,506,316
"091 335 Kuninkaantammi","Kaikki äidinkielet","Miehet",1502,207,164,233,561,211,126
"091 335 Kuninkaantammi","Kaikki äidinkielet","Naiset",1806,211,152,325,633,295,190
"091 336 Honkasuo","Kaikki äidinkielet","Molemmat sukupuolet",744,118,80,82,353,78,33
"091 336 Honkasuo","Kaikki äidinkielet","Miehet",329,54,32,36,165,29,13
"091 336 Honkasuo","Kaikki äidinkielet","Naiset",415,64,48,46,188,49,20
"091 301 Kallion peruspiiri","Kaikki äidinkielet","Molemmat sukupuolet",34804,1470,1499,9572,13056,4661,4546
"091 301 Kallion peruspiiri","Kaikki äidinkielet","Miehet",16810,749,736,3972,7057,2439,1857
"091 301 Kallion peruspiiri","Kaikki äidinkielet","Naiset",17994,721,763,5600,5999,2222,2689
"091 100 Sörnäinen (Ent.)","Kaikki äidinkielet","Molemmat sukupuolet",.,.,.,.,.,.,.
"091 100 Sörnäinen (Ent.)","Kaikki äidinkielet","Miehet",.,.,.,.,.,.,.
"091 100 Sörnäinen (Ent.)","Kaikki äidinkielet","Naiset",.,.,.,.,.,.,.
"091 101 Vilhonvuori","Kaikki äidinkielet","Molemmat sukupuolet",6845,208,243,1676,2592,958,1168
"091 101 Vilhonvuori","Kaikki äidinkielet","Miehet",3430,94,117,761,1472,524,462
"091 101 Vilhonvuori","Kaikki äidinkielet","Naiset",3415,114,126,915,1120,434,706
"091 102 Kalasatama","Kaikki äidinkielet","Molemmat sukupuolet",6949,494,482,1877,2438,965,693
"091 102 Kalasatama","Kaikki äidinkielet","Miehet",3387,270,244,837,1307,459,270
"091 102 Kalasatama","Kaikki äidinkielet","Naiset",3562,224,238,1040,1131,506,423
"091 103 Sompasaari","Kaikki äidinkielet","Molemmat sukupuolet",2690,280,275,618,1009,335,173
"091 103 Sompasaari","Kaikki äidinkielet","Miehet",1286,132,139,279,522,148,66
"091 103 Sompasaari","Kaikki äidinkielet","Naiset",1404,148,136,339,487,187,107
"091 104 Hanasaari","Kaikki äidinkielet","Molemmat sukupuolet",..,..,..,..,..,..,..
"091 104 Hanasaari","Kaikki äidinkielet","Miehet",..,..,..,..,..,..,..
"091 104 Hanasaari","Kaikki äidinkielet","Naiset",..,..,..,..,..,..,..
"091 111 Siltasaari","Kaikki äidinkielet","Molemmat sukupuolet",2363,70,94,551,867,367,414
"091 111 Siltasaari","Kaikki äidinkielet","Miehet",1087,32,38,214,448,181,174
"091 111 Siltasaari","Kaikki äidinkielet","Naiset",1276,38,56,337,419,186,240
"091 112 Linjat","Kaikki äidinkielet","Molemmat sukupuolet",9222,286,280,2553,3439,1254,1410
"091 112 Linjat","Kaikki äidinkielet","Miehet",4478,151,144,1017,1864,709,593
"091 112 Linjat","Kaikki äidinkielet","Naiset",4744,135,136,1536,1575,545,817
"091 113 Torkkelinmäki","Kaikki äidinkielet","Molemmat sukupuolet",6735,132,125,2297,2711,782,688
"091 113 Torkkelinmäki","Kaikki äidinkielet","Miehet",3142,70,54,864,1444,418,292
"091 113 Torkkelinmäki","Kaikki äidinkielet","Naiset",3593,62,71,1433,1267,364,396
"091 302 Alppiharjun peruspiiri","Kaikki äidinkielet","Molemmat sukupuolet",11590,299,285,3487,4667,1405,1447
"091 302 Alppiharjun peruspiiri","Kaikki äidinkielet","Miehet",5613,154,127,1387,2548,779,618
"091 302 Alppiharjun peruspiiri","Kaikki äidinkielet","Naiset",5977,145,158,2100,2119,626,829
"091 121 Harju","Kaikki äidinkielet","Molemmat sukupuolet",7244,163,151,2355,2809,876,890
"091 121 Harju","Kaikki äidinkielet","Miehet",3559,81,69,973,1581,492,363
"091 121 Harju","Kaikki äidinkielet","Naiset",3685,82,82,1382,1228,384,527
"091 122 Alppila","Kaikki äidinkielet","Molemmat sukupuolet",4346,136,134,1132,1858,529,557
"091 122 Alppila","Kaikki äidinkielet","Miehet",2054,73,58,414,967,287,255
"091 122 Alppila","Kaikki äidinkielet","Naiset",2292,63,76,718,891,242,302
"091 303 Vallilan peruspiiri","Kaikki äidinkielet","Molemmat sukupuolet",16916,907,1171,4071,6375,2352,2040
"091 303 Vallilan peruspiiri","Kaikki äidinkielet","Miehet",8058,455,600,1733,3253,1172,845
"091 303 Vallilan peruspiiri","Kaikki äidinkielet","Naiset",8858,452,571,2338,3122,1180,1195
"091 210 Hermanni (Ent.)","Kaikki äidinkielet","Molemmat sukupuolet",.,.,.,.,.,.,.
"091 210 Hermanni (Ent.)","Kaikki äidinkielet","Miehet",.,.,.,.,.,.,.
"091 210 Hermanni (Ent.)","Kaikki äidinkielet","Naiset",.,.,.,.,.,.,.
"091 211 Hermanninmäki","Kaikki äidinkielet","Molemmat sukupuolet",5795,312,508,1012,2134,937,892
"091 211 Hermanninmäki","Kaikki äidinkielet","Miehet",2741,163,281,428,1057,446,366
"091 211 Hermanninmäki","Kaikki äidinkielet","Naiset",3054,149,227,584,1077,491,526
"091 212 Hermanninranta","Kaikki äidinkielet","Molemmat sukupuolet",..,..,..,..,..,..,..
"091 212 Hermanninranta","Kaikki äidinkielet","Miehet",..,..,..,..,..,..,..
"091 212 Hermanninranta","Kaikki äidinkielet","Naiset",..,..,..,..,..,..,..
"091 213 Kyläsaari","Kaikki äidinkielet","Molemmat sukupuolet",407,0,0,374,25,7,1
"091 213 Kyläsaari","Kaikki äidinkielet","Miehet",217,0,0,201,13,2,1
"091 213 Kyläsaari","Kaikki äidinkielet","Naiset",190,0,0,173,12,5,0
"091 220 Vallila","Kaikki äidinkielet","Molemmat sukupuolet",10714,595,663,2685,4216,1408,1147
"091 220 Vallila","Kaikki äidinkielet","Miehet",5100,292,319,1104,2183,724,478
"091 220 Vallila","Kaikki äidinkielet","Naiset",5614,303,344,1581,2033,684,669
"091 304 Pasilan peruspiiri","Kaikki äidinkielet","Molemmat sukupuolet",12676,769,874,2947,4397,1697,1992
"091 304 Pasilan peruspiiri","Kaikki äidinkielet","Miehet",6012,418,409,1341,2289,780,775
"091 304 Pasilan peruspiiri","Kaikki äidinkielet","Naiset",6664,351,465,1606,2108,917,1217
"091 171 Länsi-Pasila","Kaikki äidinkielet","Molemmat sukupuolet",5413,332,369,984,1777,811,1140
"091 171 Länsi-Pasila","Kaikki äidinkielet","Miehet",2487,187,157,455,888,353,447
"091 171 Länsi-Pasila","Kaikki äidinkielet","Naiset",2926,145,212,529,889,458,693
"091 172 Pohjois-Pasila","Kaikki äidinkielet","Molemmat sukupuolet",2081,180,156,592,737,275,141
"091 172 Pohjois-Pasila","Kaikki äidinkielet","Miehet",942,95,73,242,377,104,51
"091 172 Pohjois-Pasila","Kaikki äidinkielet","Naiset",1139,85,83,350,360,171,90
"091 173 Itä-Pasila","Kaikki äidinkielet","Molemmat sukupuolet",3656,169,288,790,1322,442,645
"091 173 Itä-Pasila","Kaikki äidinkielet","Miehet",1845,90,152,398,717,239,249
"091 173 Itä-Pasila","Kaikki äidinkielet","Naiset",1811,79,136,392,605,203,396
"091 174 Keski-Pasila","Kaikki äidinkielet","Molemmat sukupuolet",1526,88,61,581,561,169,66
"091 174 Keski-Pasila","Kaikki äidinkielet","Miehet",738,46,27,246,307,84,28
"091 174 Keski-Pasila","Kaikki äidinkielet","Naiset",788,42,34,335,254,85,38
"091 305 Vanhankaupungin peruspiiri","Kaikki äidinkielet","Molemmat sukupuolet",25338,1665,2723,4695,8292,3811,4152
"091 305 Vanhankaupungin peruspiiri","Kaikki äidinkielet","Miehet",11600,857,1380,2122,3950,1730,1561
"091 305 Vanhankaupungin peruspiiri","Kaikki äidinkielet","Naiset",13738,808,1343,2573,4342,2081,2591
"091 231 Toukola","Kaikki äidinkielet","Molemmat sukupuolet",1426,76,140,181,515,244,270
"091 231 Toukola","Kaikki äidinkielet","Miehet",666,40,75,90,244,116,101
"091 231 Toukola","Kaikki äidinkielet","Naiset",760,36,65,91,271,128,169
"091 232 Arabianranta","Kaikki äidinkielet","Molemmat sukupuolet",7278,501,930,1450,2345,1030,1022
"091 232 Arabianranta","Kaikki äidinkielet","Miehet",3385,252,468,674,1133,479,379
"091 232 Arabianranta","Kaikki äidinkielet","Naiset",3893,249,462,776,1212,551,643
"091 240 Kumpula","Kaikki äidinkielet","Molemmat sukupuolet",4115,237,346,1249,1261,540,482
"091 240 Kumpula","Kaikki äidinkielet","Miehet",1916,135,173,555,627,235,191
"091 240 Kumpula","Kaikki äidinkielet","Naiset",2199,102,173,694,634,305,291
"091 250 Käpylä","Kaikki äidinkielet","Molemmat sukupuolet",7732,505,799,939,2649,1304,1536
"091 250 Käpylä","Kaikki äidinkielet","Miehet",3362,270,400,379,1206,565,542
"091 250 Käpylä","Kaikki äidinkielet","Naiset",4370,235,399,560,1443,739,994
"091 260 Koskela","Kaikki äidinkielet","Molemmat sukupuolet",4022,282,403,719,1232,611,775
"091 260 Koskela","Kaikki äidinkielet","Miehet",1915,133,207,354,602,295,324
"091 260 Koskela","Kaikki äidinkielet","Naiset",2107,149,196,365,630,316,451
"091 270 Vanhakaupunki","Kaikki äidinkielet","Molemmat sukupuolet",765,64,105,157,290,82,67
"091 270 Vanhakaupunki","Kaikki äidinkielet","Miehet",356,27,57,70,138,40,24
"091 270 Vanhakaupunki","Kaikki äidinkielet","Naiset",409,37,48,87,152,42,43
"091 401 Maunulan peruspiiri","Kaikki äidinkielet","Molemmat sukupuolet",8882,547,1036,1090,2546,1655,2008
"091 401 Maunulan peruspiiri","Kaikki äidinkielet","Miehet",4231,281,544,549,1289,791,777
"091 401 Maunulan peruspiiri","Kaikki äidinkielet","Naiset",4651,266,492,541,1257,864,1231
"091 281 Pirkkola","Kaikki äidinkielet","Molemmat sukupuolet",468,16,78,26,88,112,148
"091 281 Pirkkola","Kaikki äidinkielet","Miehet",240,10,45,14,47,48,76
"091 281 Pirkkola","Kaikki äidinkielet","Naiset",228,6,33,12,41,64,72
"091 282 Maunula","Kaikki äidinkielet","Molemmat sukupuolet",7266,443,794,938,2118,1292,1681
"091 282 Maunula","Kaikki äidinkielet","Miehet",3410,227,414,462,1066,619,622
"091 282 Maunula","Kaikki äidinkielet","Naiset",3856,216,380,476,1052,673,1059
"091 283 Metsälä","Kaikki äidinkielet","Molemmat sukupuolet",1148,88,164,126,340,251,179
"091 283 Metsälä","Kaikki äidinkielet","Miehet",581,44,85,73,176,124,79
"091 283 Metsälä","Kaikki äidinkielet","Naiset",567,44,79,53,164,127,100
"091 286 Maunulanpuisto","Kaikki äidinkielet","Molemmat sukupuolet",..,..,..,..,..,..,..
"091 286 Maunulanpuisto","Kaikki äidinkielet","Miehet",..,..,..,..,..,..,..
"091 286 Maunulanpuisto","Kaikki äidinkielet","Naiset",..,..,..,..,..,..,..
"091 402 Länsi-Pakilan peruspiiri","Kaikki äidinkielet","Molemmat sukupuolet",7073,576,1105,491,1877,1436,1588
"091 402 Länsi-Pakilan peruspiiri","Kaikki äidinkielet","Miehet",3490,293,555,257,927,719,739
"091 402 Länsi-Pakilan peruspiiri","Kaikki äidinkielet","Naiset",3583,283,550,234,950,717,849
"091 341 Länsi-Pakila","Kaikki äidinkielet","Molemmat sukupuolet",7073,576,1105,491,1877,1436,1588
"091 341 Länsi-Pakila","Kaikki äidinkielet","Miehet",3490,293,555,257,927,719,739
"091 341 Länsi-Pakila","Kaikki äidinkielet","Naiset",3583,283,550,234,950,717,849
"091 403 Tuomarinkylän peruspiiri","Kaikki äidinkielet","Molemmat sukupuolet",8650,704,1537,603,2385,1771,1650
"091 403 Tuomarinkylän peruspiiri","Kaikki äidinkielet","Miehet",4267,370,812,319,1126,856,784
"091 403 Tuomarinkylän peruspiiri","Kaikki äidinkielet","Naiset",4383,334,725,284,1259,915,866
"091 351 Paloheinä","Kaikki äidinkielet","Molemmat sukupuolet",5857,478,996,397,1558,1238,1190
"091 351 Paloheinä","Kaikki äidinkielet","Miehet",2912,256,529,213,738,609,567
"091 351 Paloheinä","Kaikki äidinkielet","Naiset",2945,222,467,184,820,629,623
"091 352 Torpparinmäki","Kaikki äidinkielet","Molemmat sukupuolet",2785,226,540,206,822,533,458
"091 352 Torpparinmäki","Kaikki äidinkielet","Miehet",1349,114,282,106,385,247,215
"091 352 Torpparinmäki","Kaikki äidinkielet","Naiset",1436,112,258,100,437,286,243
"091 354 Haltiala","Kaikki äidinkielet","Molemmat sukupuolet",..,..,..,..,..,..,..
"091 354 Haltiala","Kaikki äidinkielet","Miehet",..,..,..,..,..,..,..
"091 354 Haltiala","Kaikki äidinkielet","Naiset",..,..,..,..,..,..,..
"091 404 Oulunkylän peruspiiri","Kaikki äidinkielet","Molemmat sukupuolet",14904,1083,1783,2021,4610,2466,2941
"091 404 Oulunkylän peruspiiri","Kaikki äidinkielet","Miehet",7001,577,910,923,2264,1161,1166
"091 404 Oulunkylän peruspiiri","Kaikki äidinkielet","Naiset",7903,506,873,1098,2346,1305,1775
"091 284 Patola","Kaikki äidinkielet","Molemmat sukupuolet",10553,750,1190,1423,3255,1703,2232
"091 284 Patola","Kaikki äidinkielet","Miehet",4921,395,608,649,1603,790,876
"091 284 Patola","Kaikki äidinkielet","Naiset",5632,355,582,774,1652,913,1356
"091 285 Veräjämäki","Kaikki äidinkielet","Molemmat sukupuolet",3169,245,415,423,987,519,580
"091 285 Veräjämäki","Kaikki äidinkielet","Miehet",1516,130,207,184,491,255,249
"091 285 Veräjämäki","Kaikki äidinkielet","Naiset",1653,115,208,239,496,264,331
"091 287 Veräjälaakso","Kaikki äidinkielet","Molemmat sukupuolet",1182,88,178,175,368,244,129
"091 287 Veräjälaakso","Kaikki äidinkielet","Miehet",564,52,95,90,170,116,41
"091 287 Veräjälaakso","Kaikki äidinkielet","Naiset",618,36,83,85,198,128,88
"091 405 Itä-Pakilan peruspiiri","Kaikki äidinkielet","Molemmat sukupuolet",3679,288,651,304,1053,754,629
"091 405 Itä-Pakilan peruspiiri","Kaikki äidinkielet","Miehet",1841,144,346,162,501,387,301
"091 405 Itä-Pakilan peruspiiri","Kaikki äidinkielet","Naiset",1838,144,305,142,552,367,328
"091 342 Itä-Pakila","Kaikki äidinkielet","Molemmat sukupuolet",3392,253,579,277,962,705,616
"091 342 Itä-Pakila","Kaikki äidinkielet","Miehet",1695,124,304,152,458,361,296
"091 342 Itä-Pakila","Kaikki äidinkielet","Naiset",1697,129,275,125,504,344,320
"091 353 Tuomarinkartano","Kaikki äidinkielet","Molemmat sukupuolet",287,35,72,27,91,49,13
"091 353 Tuomarinkartano","Kaikki äidinkielet","Miehet",146,20,42,10,43,26,5
"091 353 Tuomarinkartano","Kaikki äidinkielet","Naiset",141,15,30,17,48,23,8
"091 501 Latokartanon peruspiiri","Kaikki äidinkielet","Molemmat sukupuolet",24715,1873,3218,4159,7924,3810,3731
"091 501 Latokartanon peruspiiri","Kaikki äidinkielet","Miehet",11734,972,1696,1894,3967,1791,1414
"091 501 Latokartanon peruspiiri","Kaikki äidinkielet","Naiset",12981,901,1522,2265,3957,2019,2317
"091 361 Viikinranta","Kaikki äidinkielet","Molemmat sukupuolet",1280,114,132,98,478,228,230
"091 361 Viikinranta","Kaikki äidinkielet","Miehet",609,56,69,45,238,113,88
"091 361 Viikinranta","Kaikki äidinkielet","Naiset",671,58,63,53,240,115,142
"091 362 Latokartano","Kaikki äidinkielet","Molemmat sukupuolet",9385,794,1612,1442,3084,1380,1073
"091 362 Latokartano","Kaikki äidinkielet","Miehet",4428,421,871,654,1460,633,389
"091 362 Latokartano","Kaikki äidinkielet","Naiset",4957,373,741,788,1624,747,684
"091 363 Viikin tiedepuisto","Kaikki äidinkielet","Molemmat sukupuolet",1200,46,50,692,317,59,36
"091 363 Viikin tiedepuisto","Kaikki äidinkielet","Miehet",576,23,24,305,175,32,17
"091 363 Viikin tiedepuisto","Kaikki äidinkielet","Naiset",624,23,26,387,142,27,19
"091 364 Viikinmäki","Kaikki äidinkielet","Molemmat sukupuolet",3122,289,435,390,1069,569,370
"091 364 Viikinmäki","Kaikki äidinkielet","Miehet",1430,148,217,169,512,252,132
"091 364 Viikinmäki","Kaikki äidinkielet","Naiset",1692,141,218,221,557,317,238
"091 383 Pihlajamäki","Kaikki äidinkielet","Molemmat sukupuolet",7317,444,748,1208,2279,1215,1423
"091 383 Pihlajamäki","Kaikki äidinkielet","Miehet",3593,236,398,578,1231,594,556
"091 383 Pihlajamäki","Kaikki äidinkielet","Naiset",3724,208,350,630,1048,621,867
"091 386 Pihlajisto","Kaikki äidinkielet","Molemmat sukupuolet",2411,186,241,329,697,359,599
"091 386 Pihlajisto","Kaikki äidinkielet","Miehet",1098,88,117,143,351,167,232
"091 386 Pihlajisto","Kaikki äidinkielet","Naiset",1313,98,124,186,346,192,367
"091 502 Pukinmäen peruspiiri","Kaikki äidinkielet","Molemmat sukupuolet",8583,658,803,1272,2579,1410,1861
"091 502 Pukinmäen peruspiiri","Kaikki äidinkielet","Miehet",3992,329,407,625,1319,631,681
"091 502 Pukinmäen peruspiiri","Kaikki äidinkielet","Naiset",4591,329,396,647,1260,779,1180
"091 370 Pukinmäki","Kaikki äidinkielet","Molemmat sukupuolet",8583,658,803,1272,2579,1410,1861
"091 370 Pukinmäki","Kaikki äidinkielet","Miehet",3992,329,407,625,1319,631,681
"091 370 Pukinmäki","Kaikki äidinkielet","Naiset",4591,329,396,647,1260,779,1180
"091 503 Malmin peruspiiri","Kaikki äidinkielet","Molemmat sukupuolet",29694,2243,3776,3658,8624,5713,5680
"091 503 Malmin peruspiiri","Kaikki äidinkielet","Miehet",14363,1125,1931,1830,4408,2690,2379
"091 503 Malmin peruspiiri","Kaikki äidinkielet","Naiset",15331,1118,1845,1828,4216,3023,3301
"091 381 Ylä-Malmi","Kaikki äidinkielet","Molemmat sukupuolet",6239,392,719,958,1894,1116,1160
"091 381 Ylä-Malmi","Kaikki äidinkielet","Miehet",3079,194,379,471,1030,542,463
"091 381 Ylä-Malmi","Kaikki äidinkielet","Naiset",3160,198,340,487,864,574,697
"091 382 Ala-Malmi","Kaikki äidinkielet","Molemmat sukupuolet",6968,613,902,1063,2051,1102,1237
"091 382 Ala-Malmi","Kaikki äidinkielet","Miehet",3332,294,454,509,1077,510,488
"091 382 Ala-Malmi","Kaikki äidinkielet","Naiset",3636,319,448,554,974,592,749
"091 384 Tattariharju","Kaikki äidinkielet","Molemmat sukupuolet",..,..,..,..,..,..,..
"091 384 Tattariharju","Kaikki äidinkielet","Miehet",..,..,..,..,..,..,..
"091 384 Tattariharju","Kaikki äidinkielet","Naiset",..,..,..,..,..,..,..
"091 385 Malmin lentokenttä","Kaikki äidinkielet","Molemmat sukupuolet",2152,165,301,218,590,520,358
"091 385 Malmin lentokenttä","Kaikki äidinkielet","Miehet",1005,88,158,111,274,228,146
"091 385 Malmin lentokenttä","Kaikki äidinkielet","Naiset",1147,77,143,107,316,292,212
"091 391 Tapaninvainio","Kaikki äidinkielet","Molemmat sukupuolet",8040,603,1002,663,2169,1738,1865
"091 391 Tapaninvainio","Kaikki äidinkielet","Miehet",3930,316,516,338,1080,835,845
"091 391 Tapaninvainio","Kaikki äidinkielet","Naiset",4110,287,486,325,1089,903,1020
"091 392 Tapanila","Kaikki äidinkielet","Molemmat sukupuolet",6288,469,852,755,1917,1235,1060
"091 392 Tapanila","Kaikki äidinkielet","Miehet",3012,233,424,400,945,573,437
"091 392 Tapanila","Kaikki äidinkielet","Naiset",3276,236,428,355,972,662,623
"091 504 Suutarilan peruspiiri","Kaikki äidinkielet","Molemmat sukupuolet",11379,907,1574,1332,3300,2069,2197
"091 504 Suutarilan peruspiiri","Kaikki äidinkielet","Miehet",5517,461,837,651,1607,1002,959
"091 504 Suutarilan peruspiiri","Kaikki äidinkielet","Naiset",5862,446,737,681,1693,1067,1238
"091 401 Siltamäki","Kaikki äidinkielet","Molemmat sukupuolet",7973,625,1056,1055,2299,1345,1593
"091 401 Siltamäki","Kaikki äidinkielet","Miehet",3886,320,586,511,1140,640,689
"091 401 Siltamäki","Kaikki äidinkielet","Naiset",4087,305,470,544,1159,705,904
"091 403 Töyrynummi","Kaikki äidinkielet","Molemmat sukupuolet",3406,282,518,277,1001,724,604
"091 403 Töyrynummi","Kaikki äidinkielet","Miehet",1631,141,251,140,467,362,270
"091 403 Töyrynummi","Kaikki äidinkielet","Naiset",1775,141,267,137,534,362,334
"091 505 Puistolan peruspiiri","Kaikki äidinkielet","Molemmat sukupuolet",20098,1660,2883,2214,6032,3916,3393
"091 505 Puistolan peruspiiri","Kaikki äidinkielet","Miehet",9906,824,1507,1115,3034,1938,1488
"091 505 Puistolan peruspiiri","Kaikki äidinkielet","Naiset",10192,836,1376,1099,2998,1978,1905
"091 402 Tapulikaupunki","Kaikki äidinkielet","Molemmat sukupuolet",8741,706,1124,1155,2623,1612,1521
"091 402 Tapulikaupunki","Kaikki äidinkielet","Miehet",4323,353,570,583,1375,816,626
"091 402 Tapulikaupunki","Kaikki äidinkielet","Naiset",4418,353,554,572,1248,796,895
"091 411 Puistola","Kaikki äidinkielet","Molemmat sukupuolet",6576,524,1011,515,1892,1337,1297
"091 411 Puistola","Kaikki äidinkielet","Miehet",3218,269,533,257,912,651,596
"091 411 Puistola","Kaikki äidinkielet","Naiset",3358,255,478,258,980,686,701
"091 412 Heikinlaakso","Kaikki äidinkielet","Molemmat sukupuolet",2896,236,487,265,830,643,435
"091 412 Heikinlaakso","Kaikki äidinkielet","Miehet",1448,109,268,134,404,322,211
"091 412 Heikinlaakso","Kaikki äidinkielet","Naiset",1448,127,219,131,426,321,224
"091 413 Tattarisuo","Kaikki äidinkielet","Molemmat sukupuolet",..,..,..,..,..,..,..
"091 413 Tattarisuo","Kaikki äidinkielet","Miehet",..,..,..,..,..,..,..
"091 413 Tattarisuo","Kaikki äidinkielet","Naiset",..,..,..,..,..,..,..
"091 415 Alppikylä","Kaikki äidinkielet","Molemmat sukupuolet",1875,194,261,279,683,318,140
"091 415 Alppikylä","Kaikki äidinkielet","Miehet",907,93,136,141,339,143,55
"091 415 Alppikylä","Kaikki äidinkielet","Naiset",968,101,125,138,344,175,85
"091 506 Jakomäen peruspiiri","Kaikki äidinkielet","Molemmat sukupuolet",5281,369,642,801,1468,1037,964
"091 506 Jakomäen peruspiiri","Kaikki äidinkielet","Miehet",2581,191,337,419,744,514,376
"091 506 Jakomäen peruspiiri","Kaikki äidinkielet","Naiset",2700,178,305,382,724,523,588
"091 414 Jakomäki","Kaikki äidinkielet","Molemmat sukupuolet",5281,369,642,801,1468,1037,964
"091 414 Jakomäki","Kaikki äidinkielet","Miehet",2581,191,337,419,744,514,376
"091 414 Jakomäki","Kaikki äidinkielet","Naiset",2700,178,305,382,724,523,588
"091 601 Kulosaaren peruspiiri","Kaikki äidinkielet","Molemmat sukupuolet",4075,295,595,499,1277,665,744
"091 601 Kulosaaren peruspiiri","Kaikki äidinkielet","Miehet",1856,138,297,216,584,324,297
"091 601 Kulosaaren peruspiiri","Kaikki äidinkielet","Naiset",2219,157,298,283,693,341,447
"091 190 Mustikkamaa-Korkeasaari","Kaikki äidinkielet","Molemmat sukupuolet",..,..,..,..,..,..,..
"091 190 Mustikkamaa-Korkeasaari","Kaikki äidinkielet","Miehet",..,..,..,..,..,..,..
"091 190 Mustikkamaa-Korkeasaari","Kaikki äidinkielet","Naiset",..,..,..,..,..,..,..
"091 420 Kulosaari","Kaikki äidinkielet","Molemmat sukupuolet",4061,295,592,499,1274,658,743
"091 420 Kulosaari","Kaikki äidinkielet","Miehet",1851,138,297,216,584,320,296
"091 420 Kulosaari","Kaikki äidinkielet","Naiset",2210,157,295,283,690,338,447
"091 602 Herttoniemen peruspiiri","Kaikki äidinkielet","Molemmat sukupuolet",30500,2121,3142,4496,10075,5419,5247
"091 602 Herttoniemen peruspiiri","Kaikki äidinkielet","Miehet",14299,1047,1530,2152,4955,2561,2054
"091 602 Herttoniemen peruspiiri","Kaikki äidinkielet","Naiset",16201,1074,1612,2344,5120,2858,3193
"091 431 Länsi-Herttoniemi","Kaikki äidinkielet","Molemmat sukupuolet",9047,533,797,1629,3147,1431,1510
"091 431 Länsi-Herttoniemi","Kaikki äidinkielet","Miehet",4253,259,389,765,1555,698,587
"091 431 Länsi-Herttoniemi","Kaikki äidinkielet","Naiset",4794,274,408,864,1592,733,923
"091 432 Roihuvuori","Kaikki äidinkielet","Molemmat sukupuolet",8249,586,878,983,2879,1467,1456
"091 432 Roihuvuori","Kaikki äidinkielet","Miehet",3865,296,407,477,1429,709,547
"091 432 Roihuvuori","Kaikki äidinkielet","Naiset",4384,290,471,506,1450,758,909
"091 433 Herttoniemen yritysalue","Kaikki äidinkielet","Molemmat sukupuolet",1712,134,133,390,598,217,240
"091 433 Herttoniemen yritysalue","Kaikki äidinkielet","Miehet",809,65,63,175,311,100,95
"091 433 Herttoniemen yritysalue","Kaikki äidinkielet","Naiset",903,69,70,215,287,117,145
"091 434 Herttoniemenranta","Kaikki äidinkielet","Molemmat sukupuolet",9235,673,989,1373,2843,1839,1518
"091 434 Herttoniemenranta","Kaikki äidinkielet","Miehet",4275,324,491,672,1369,829,590
"091 434 Herttoniemenranta","Kaikki äidinkielet","Naiset",4960,349,498,701,1474,1010,928
"091 440 Tammisalo","Kaikki äidinkielet","Molemmat sukupuolet",2257,195,345,121,608,465,523
"091 440 Tammisalo","Kaikki äidinkielet","Miehet",1097,103,180,63,291,225,235
"091 440 Tammisalo","Kaikki äidinkielet","Naiset",1160,92,165,58,317,240,288
"091 603 Laajasalon peruspiiri","Kaikki äidinkielet","Molemmat sukupuolet",22721,1870,2861,2828,6839,4124,4199
"091 603 Laajasalon peruspiiri","Kaikki äidinkielet","Miehet",10639,983,1433,1352,3245,1917,1709
"091 603 Laajasalon peruspiiri","Kaikki äidinkielet","Naiset",12082,887,1428,1476,3594,2207,2490
"091 480 Vartiosaari","Kaikki äidinkielet","Molemmat sukupuolet",..,..,..,..,..,..,..
"091 480 Vartiosaari","Kaikki äidinkielet","Miehet",..,..,..,..,..,..,..
"091 480 Vartiosaari","Kaikki äidinkielet","Naiset",..,..,..,..,..,..,..
"091 491 Yliskylä","Kaikki äidinkielet","Molemmat sukupuolet",13449,1002,1594,1610,4005,2256,2982
"091 491 Yliskylä","Kaikki äidinkielet","Miehet",6160,493,785,784,1896,1037,1165
"091 491 Yliskylä","Kaikki äidinkielet","Naiset",7289,509,809,826,2109,1219,1817
"091 492 Jollas","Kaikki äidinkielet","Molemmat sukupuolet",3066,248,557,239,810,725,487
"091 492 Jollas","Kaikki äidinkielet","Miehet",1535,144,291,125,368,369,238
"091 492 Jollas","Kaikki äidinkielet","Naiset",1531,104,266,114,442,356,249
"091 493 Tullisaari","Kaikki äidinkielet","Molemmat sukupuolet",1373,130,98,228,466,265,186
"091 493 Tullisaari","Kaikki äidinkielet","Miehet",630,71,58,97,233,98,73
"091 493 Tullisaari","Kaikki äidinkielet","Naiset",743,59,40,131,233,167,113
"091 494 Kruunuvuorenranta","Kaikki äidinkielet","Molemmat sukupuolet",2894,334,309,472,987,490,302
"091 494 Kruunuvuorenranta","Kaikki äidinkielet","Miehet",1346,189,144,203,467,216,127
"091 494 Kruunuvuorenranta","Kaikki äidinkielet","Naiset",1548,145,165,269,520,274,175
"091 495 Hevossalmi","Kaikki äidinkielet","Molemmat sukupuolet",1637,140,258,190,466,348,235
"091 495 Hevossalmi","Kaikki äidinkielet","Miehet",800,78,132,90,222,176,102
"091 495 Hevossalmi","Kaikki äidinkielet","Naiset",837,62,126,100,244,172,133
"091 500 Villinki","Kaikki äidinkielet","Molemmat sukupuolet",..,..,..,..,..,..,..
"091 500 Villinki","Kaikki äidinkielet","Miehet",..,..,..,..,..,..,..
"091 500 Villinki","Kaikki äidinkielet","Naiset",..,..,..,..,..,..,..
"091 510 Santahamina","Kaikki äidinkielet","Molemmat sukupuolet",292,16,45,89,105,36,1
"091 510 Santahamina","Kaikki äidinkielet","Miehet",162,8,23,53,59,18,1
"091 510 Santahamina","Kaikki äidinkielet","Naiset",130,8,22,36,46,18,0
"091 532 Itäsaaret","Kaikki äidinkielet","Molemmat sukupuolet",..,..,..,..,..,..,..
"091 532 Itäsaaret","Kaikki äidinkielet","Miehet",..,..,..,..,..,..,..
"091 532 Itäsaaret","Kaikki äidinkielet","Naiset",..,..,..,..,..,..,..
"091 701 Vartiokylän peruspiiri","Kaikki äidinkielet","Molemmat sukupuolet",21928,1502,2495,2878,6254,4377,4422
"091 701 Vartiokylän peruspiiri","Kaikki äidinkielet","Miehet",10549,749,1233,1459,3182,2171,1755
"091 701 Vartiokylän peruspiiri","Kaikki äidinkielet","Naiset",11379,753,1262,1419,3072,2206,2667
"091 451 Vartioharju","Kaikki äidinkielet","Molemmat sukupuolet",6235,424,855,752,1681,1353,1170
"091 451 Vartioharju","Kaikki äidinkielet","Miehet",3049,221,421,395,812,677,523
"091 451 Vartioharju","Kaikki äidinkielet","Naiset",3186,203,434,357,869,676,647
"091 452 Puotila","Kaikki äidinkielet","Molemmat sukupuolet",4816,291,424,686,1514,862,1039
"091 452 Puotila","Kaikki äidinkielet","Miehet",2210,145,188,333,770,409,365
"091 452 Puotila","Kaikki äidinkielet","Naiset",2606,146,236,353,744,453,674
"091 453 Puotinharju","Kaikki äidinkielet","Molemmat sukupuolet",4257,286,443,581,1278,823,846
"091 453 Puotinharju","Kaikki äidinkielet","Miehet",2075,142,235,288,660,424,326
"091 453 Puotinharju","Kaikki äidinkielet","Naiset",2182,144,208,293,618,399,520
"091 455 Marjaniemi","Kaikki äidinkielet","Molemmat sukupuolet",2093,142,257,191,513,545,445
"091 455 Marjaniemi","Kaikki äidinkielet","Miehet",1045,72,124,99,244,287,219
"091 455 Marjaniemi","Kaikki äidinkielet","Naiset",1048,70,133,92,269,258,226
"091 456 Roihupelto","Kaikki äidinkielet","Molemmat sukupuolet",..,..,..,..,..,..,..
"091 456 Roihupelto","Kaikki äidinkielet","Miehet",..,..,..,..,..,..,..
"091 456 Roihupelto","Kaikki äidinkielet","Naiset",..,..,..,..,..,..,..
"091 457 Itäkeskus","Kaikki äidinkielet","Molemmat sukupuolet",4509,359,516,664,1260,789,921
"091 457 Itäkeskus","Kaikki äidinkielet","Miehet",2158,169,265,342,690,371,321
"091 457 Itäkeskus","Kaikki äidinkielet","Naiset",2351,190,251,322,570,418,600
"091 702 Myllypuron peruspiiri","Kaikki äidinkielet","Molemmat sukupuolet",12867,988,1579,1573,3707,2445,2575
"091 702 Myllypuron peruspiiri","Kaikki äidinkielet","Miehet",6246,498,847,791,1896,1209,1005
"091 702 Myllypuron peruspiiri","Kaikki äidinkielet","Naiset",6621,490,732,782,1811,1236,1570
"091 454 Myllypuro","Kaikki äidinkielet","Molemmat sukupuolet",12867,988,1579,1573,3707,2445,2575
"091 454 Myllypuro","Kaikki äidinkielet","Miehet",6246,498,847,791,1896,1209,1005
"091 454 Myllypuro","Kaikki äidinkielet","Naiset",6621,490,732,782,1811,1236,1570
"091 703 Mellunkylän peruspiiri","Kaikki äidinkielet","Molemmat sukupuolet",39616,2833,4794,5631,11204,7606,7548
"091 703 Mellunkylän peruspiiri","Kaikki äidinkielet","Miehet",19180,1432,2392,2794,5909,3692,2961
"091 703 Mellunkylän peruspiiri","Kaikki äidinkielet","Naiset",20436,1401,2402,2837,5295,3914,4587
"091 471 Kontula","Kaikki äidinkielet","Molemmat sukupuolet",14764,1099,1723,2046,4105,2757,3034
"091 471 Kontula","Kaikki äidinkielet","Miehet",7154,550,834,1027,2234,1391,1118
"091 471 Kontula","Kaikki äidinkielet","Naiset",7610,549,889,1019,1871,1366,1916
"091 472 Vesala","Kaikki äidinkielet","Molemmat sukupuolet",7202,500,962,990,2063,1460,1227
"091 472 Vesala","Kaikki äidinkielet","Miehet",3549,272,508,488,1043,696,542
"091 472 Vesala","Kaikki äidinkielet","Naiset",3653,228,454,502,1020,764,685
"091 473 Mellunmäki","Kaikki äidinkielet","Molemmat sukupuolet",9367,594,948,1385,2587,1801,2052
"091 473 Mellunmäki","Kaikki äidinkielet","Miehet",4430,299,468,674,1355,847,787
"091 473 Mellunmäki","Kaikki äidinkielet","Naiset",4937,295,480,711,1232,954,1265
"091 474 Kivikko","Kaikki äidinkielet","Molemmat sukupuolet",5309,402,788,814,1546,1059,700
"091 474 Kivikko","Kaikki äidinkielet","Miehet",2561,192,383,393,799,509,285
"091 474 Kivikko","Kaikki äidinkielet","Naiset",2748,210,405,421,747,550,415
"091 475 Kurkimäki","Kaikki äidinkielet","Molemmat sukupuolet",2974,238,373,396,903,529,535
"091 475 Kurkimäki","Kaikki äidinkielet","Miehet",1486,119,199,212,478,249,229
"091 475 Kurkimäki","Kaikki äidinkielet","Naiset",1488,119,174,184,425,280,306
"091 704 Vuosaaren peruspiiri","Kaikki äidinkielet","Molemmat sukupuolet",38790,2706,4773,5024,10603,7919,7765
"091 704 Vuosaaren peruspiiri","Kaikki äidinkielet","Miehet",18248,1394,2404,2504,5208,3694,3044
"091 704 Vuosaaren peruspiiri","Kaikki äidinkielet","Naiset",20542,1312,2369,2520,5395,4225,4721
"091 541 Keski-Vuosaari","Kaikki äidinkielet","Molemmat sukupuolet",13958,899,1596,1711,3797,2754,3201
"091 541 Keski-Vuosaari","Kaikki äidinkielet","Miehet",6612,463,824,878,1919,1317,1211
"091 541 Keski-Vuosaari","Kaikki äidinkielet","Naiset",7346,436,772,833,1878,1437,1990
"091 542 Nordsjön kartano","Kaikki äidinkielet","Molemmat sukupuolet",..,..,..,..,..,..,..
"091 542 Nordsjön kartano","Kaikki äidinkielet","Miehet",..,..,..,..,..,..,..
"091 542 Nordsjön kartano","Kaikki äidinkielet","Naiset",..,..,..,..,..,..,..
"091 543 Uutela","Kaikki äidinkielet","Molemmat sukupuolet",..,..,..,..,..,..,..
"091 543 Uutela","Kaikki äidinkielet","Miehet",..,..,..,..,..,..,..
"091 543 Uutela","Kaikki äidinkielet","Naiset",..,..,..,..,..,..,..
"091 544 Meri-Rastila","Kaikki äidinkielet","Molemmat sukupuolet",5231,426,651,763,1514,1171,706
"091 544 Meri-Rastila","Kaikki äidinkielet","Miehet",2490,222,317,394,720,542,295
"091 544 Meri-Rastila","Kaikki äidinkielet","Naiset",2741,204,334,369,794,629,411
"091 545 Kallahti","Kaikki äidinkielet","Molemmat sukupuolet",6511,530,988,762,1688,1394,1149
"091 545 Kallahti","Kaikki äidinkielet","Miehet",3074,284,513,392,792,656,437
"091 545 Kallahti","Kaikki äidinkielet","Naiset",3437,246,475,370,896,738,712
"091 546 Aurinkolahti","Kaikki äidinkielet","Molemmat sukupuolet",8172,511,846,1050,2320,1604,1841
"091 546 Aurinkolahti","Kaikki äidinkielet","Miehet",3746,249,406,479,1138,733,741
"091 546 Aurinkolahti","Kaikki äidinkielet","Naiset",4426,262,440,571,1182,871,1100
"091 547 Rastila","Kaikki äidinkielet","Molemmat sukupuolet",4907,340,691,735,1284,992,865
"091 547 Rastila","Kaikki äidinkielet","Miehet",2323,176,344,360,639,444,360
"091 547 Rastila","Kaikki äidinkielet","Naiset",2584,164,347,375,645,548,505
"091 548 Niinisaari","Kaikki äidinkielet","Molemmat sukupuolet",..,..,..,..,..,..,..
"091 548 Niinisaari","Kaikki äidinkielet","Miehet",..,..,..,..,..,..,..
"091 548 Niinisaari","Kaikki äidinkielet","Naiset",..,..,..,..,..,..,..
"091 549 Mustavuori","Kaikki äidinkielet","Molemmat sukupuolet",..,..,..,..,..,..,..
"091 549 Mustavuori","Kaikki äidinkielet","Miehet",..,..,..,..,..,..,..
"091 549 Mustavuori","Kaikki äidinkielet","Naiset",..,..,..,..,..,..,..
"091 801 Östersundomin peruspiiri","Kaikki äidinkielet","Molemmat sukupuolet",1785,72,287,207,367,610,242
"091 801 Östersundomin peruspiiri","Kaikki äidinkielet","Miehet",908,34,140,118,176,314,126
"091 801 Östersundomin peruspiiri","Kaikki äidinkielet","Naiset",877,38,147,89,191,296,116
"091 550 Östersundom","Kaikki äidinkielet","Molemmat sukupuolet",440,18,59,53,86,122,102
"091 550 Östersundom","Kaikki äidinkielet","Miehet",229,6,30,28,48,68,49
"091 550 Östersundom","Kaikki äidinkielet","Naiset",211,12,29,25,38,54,53
"091 560 Salmenkallio","Kaikki äidinkielet","Molemmat sukupuolet",..,..,..,..,..,..,..
"091 560 Salmenkallio","Kaikki äidinkielet","Miehet",..,..,..,..,..,..,..
"091 560 Salmenkallio","Kaikki äidinkielet","Naiset",..,..,..,..,..,..,..
"091 570 Talosaari","Kaikki äidinkielet","Molemmat sukupuolet",..,..,..,..,..,..,..
"091 570 Talosaari","Kaikki äidinkielet","Miehet",..,..,..,..,..,..,..
"091 570 Talosaari","Kaikki äidinkielet","Naiset",..,..,..,..,..,..,..
"091 580 Karhusaari","Kaikki äidinkielet","Molemmat sukupuolet",421,18,77,39,94,143,50
"091 580 Karhusaari","Kaikki äidinkielet","Miehet",222,9,43,26,45,70,29
"091 580 Karhusaari","Kaikki äidinkielet","Naiset",199,9,34,13,49,73,21
"091 591 Landbo","Kaikki äidinkielet","Molemmat sukupuolet",683,29,114,92,149,273,26
"091 591 Landbo","Kaikki äidinkielet","Miehet",337,14,50,54,65,138,16
"091 591 Landbo","Kaikki äidinkielet","Naiset",346,15,64,38,84,135,10
"091 592 Puroniitty","Kaikki äidinkielet","Molemmat sukupuolet",157,2,27,19,22,53,34
"091 592 Puroniitty","Kaikki äidinkielet","Miehet",80,2,13,9,9,29,18
"091 592 Puroniitty","Kaikki äidinkielet","Naiset",77,0,14,10,13,24,16
"091 999 Muut","Kaikki äidinkielet","Molemmat sukupuolet",13232,400,1290,3331,4953,1928,1330
"091 999 Muut","Kaikki äidinkielet","Miehet",8043,217,664,1864,3379,1320,599
"091 999 Muut","Kaikki äidinkielet","Naiset",5189,183,626,1467,1574,608,731
"091 998 Kantakaupunki","Kaikki äidinkielet","Molemmat sukupuolet",215128,11190,16158,49154,72145,32652,33829
"091 998 Kantakaupunki","Kaikki äidinkielet","Miehet",100774,5751,8045,21092,36728,15664,13494
"091 998 Kantakaupunki","Kaikki äidinkielet","Naiset",114354,5439,8113,28062,35417,16988,20335
"091 997 Esikaupungit","Kaikki äidinkielet","Molemmat sukupuolet",435668,31597,51645,60638,131267,78521,82000
"091 997 Esikaupungit","Kaikki äidinkielet","Miehet",207723,16117,26425,29334,65735,37424,32688
"091 997 Esikaupungit","Kaikki äidinkielet","Naiset",227945,15480,25220,31304,65532,41097,49312
